{"elo": {"accuracy": 0.5679195704329943, "log_loss": 0.6793219706578797, "brier_score": 0.24317604477899576, "ece": 0.0057060269258281246, "sample_size": 26259, "model": "elo_538", "seasons": "2015-2026"}, "lightgbm": {"accuracy": 0.5597566093159883, "log_loss": 0.6831395443082959, "brier_score": 0.24481509723317266, "ece": 0.003791071850071515, "sample_size": 23830, "model": "lightgbm_walkforward", "seasons": "2016-2026"}}