{"elo":{"accuracy":0.5679360243716679,"log_loss":0.6793184436665395,"brier_score":0.24317428620462186,"ece":0.005722711470922226,"sample_size":26260,"model":"elo_538","seasons":"2015-2026"},"lightgbm":{"accuracy":0.5597750828752466,"log_loss":0.6831342479524499,"brier_score":0.2448124762607466,"ece":0.003772993667519945,"sample_size":23831,"model":"lightgbm_walkforward","seasons":"2016-2026"}}