{"pick_performance": {"total": 0}, "prediction_metrics": {"accuracy": 0.5882352941176471, "log_loss": 0.6861866958245394, "brier_score": 0.24684170235294123, "ece": 0.09764705882352948, "sample_size": 17}}